{
    "loss": 9.333498001098633,
    "accuracy": 0.5035971403121948
}